Domain,Passage,Q1,A1,Q1_Type,Q1_Difficulty,Q2,A2,Q2_Type,Q2_Difficulty,Q3,A3,Q3_Type,Q3_Difficult,Q4,A4,Q4_Type,Q4_Difficulty
Fraud Risk Management,धोखाधड़ी जोखिम प्रबंधन पर मास्टर निदेशों में विनियमित संस्थाओं को धोखाधड़ी के मामलों की निगरानी और अनुवर्ती कार्रवाई के लिए बोर्ड की एक विशेष समिति या कार्यकारी समिति गठित करना अपेक्षित है। ऐसी समिति के समक्ष मामले रखने के लिए धोखाधड़ी में शामिल राशि की सीमा विनियमित संस्थाओं के बोर्ड द्वारा तय की जाएगी।,एससीबीएमएफ/सीओई क्या है?,धोखाधड़ी के मामलों की निगरानी और अनुवर्ती कार्रवाई के लिए बोर्ड की विशेष समिति,Factual,Easy,धोखाधड़ी मामलों की राशि सीमा कौन तय करता है?,विनियमित संस्थाओं का बोर्ड,Factual,Medium,क्या सभी धोखाधड़ी मामले समिति के समक्ष जाते हैं?,नहीं बोर्ड द्वारा तय सीमा के आधार पर,Inferential,Medium,समिति गठन किसके लिए अपेक्षित है?,सभी विनियमित संस्थाओं के लिए,Factual,Easy
Fraud Risk Management,विनियमित संस्थाओं को धोखाधड़ी की घटनाओं को लागू कानूनों के अधीन तुरंत कानून प्रवर्तन एजेंसियों को रिपोर्ट करना अपेक्षित है। भारतीय नागरिक सुरक्षा संहिता 2023 की धारा 33 के तहत सभी अपराधों की रिपोर्ट करना अनिवार्य नहीं है। हालांकि विनियमित संस्थाओं को ₹1 लाख या उससे अधिक की राशि से जुड़ी धोखाधड़ी की घटनाओं की रिपोर्ट अनिवार्य रूप से एलईए को करनी होगी।,धोखाधड़ी रिपोर्टिंग के लिए न्यूनतम राशि सीमा क्या है?,₹1 लाख या उससे अधिक,Numerical,Easy,क्या छोटे मूल्य की धोखाधड़ी रिपोर्ट करना अनिवार्य है?,नहीं लेकिन 1 लाख से ऊपर अनिवार्य है,Conditional,Medium,बीएनएसएस की कौन सी धारा प्रासंगिक है?,धारा 33,Factual,Easy,एलईए का पूर्ण रूप क्या है?,कानून प्रवर्तन एजेंसी,Factual,Easy
Fraud Risk Management,संशोधित मास्टर निदेशों के अनुसार बैंकों को आरबीआई को धोखाधड़ी पर मासिक प्रमाणपत्र मासिक केंद्रीय धोखाधड़ी रजिस्ट्री प्रमाणपत्र और फ्लैश रिपोर्ट प्रस्तुत करने की आवश्यकता नहीं है।,क्या बैंकों को मासिक सीएफआर प्रमाणपत्र देना होगा?,नहीं संशोधित निदेशों के अनुसार आवश्यक नहीं,Factual,Easy,फ्लैश रिपोर्ट क्या है?,धोखाधड़ी की तत्काल रिपोर्टिंग प्रणाली,Factual,Medium,क्या कोई रिपोर्टिंग आवश्यकता समाप्त हुई है?,हां मासिक प्रमाणपत्र और फ्लैश रिपोर्ट,Inferential,Medium,,,,
KYC Compliance,केवाईसी एक ऐसी प्रक्रिया है जिसके द्वारा एक विनियमित संस्था बैंक सहित ग्राहक की पहचान और पता व्यवसाय की प्रकृति और वित्तीय स्थिति के बारे में जानकारी प्राप्त करती है और उसका सत्यापन करती है। यह प्रक्रिया यह सुनिश्चित करने में मदद करती है कि सेवाओं का दुरुपयोग काले धन को वैध बनाना आतंकवादी वित्तपोषण उद्देश्यों के लिए नहीं किया जाता हो।,केवाईसी का पूर्ण रूप क्या है?,अपने ग्राहक को जानिए,Factual,Easy,केवाईसी क्यों आवश्यक है?,मनी लॉन्ड्रिंग और आतंकवादी वित्तपोषण रोकने के लिए,Inferential,Medium,केवाईसी में क्या जानकारी एकत्र की जाती है?,पहचान पता व्यवसाय की प्रकृति और वित्तीय स्थिति,Factual,Easy,एमएल टीएफ पीएफ का अर्थ क्या है?,मनी लॉन्ड्रिंग टेररिस्ट फाइनेंसिंग प्रोलिफरेशन फाइनेंसिंग,Factual,Medium
KYC Compliance,केवाईसी अनिवार्य रूप से किया जाना है खाता आधारित संबंध की शुरुआत करते समय जब वॉक इन ग्राहक ₹50000 के बराबर या उससे अधिक राशि का लेनदेन करता है जब अंतरराष्ट्रीय रामि अंतरण करता है जब प्राप्त ग्राहक पहचान डेटा की प्रामाणिकता के बारे में संदेह हो और जब एजेंट के रूप में उत्पाद बेचता है।,केवाईसी कब अनिवार्य है?,खाता खोलते समय और 50000 रुपये से अधिक लेनदेन पर,Factual,Easy,वॉक इन ग्राहक के लिए केवाईसी सीमा क्या है?,₹50000,Numerical,Easy,क्या अंतरराष्ट्रीय रामि अंतरण के लिए केवाईसी चाहिए?,हां चाहे रामि कितनी भी हो,Factual,Medium,कितनी परिस्थितियों में केवाईसी अनिवार्य है?,पांच प्रमुख परिस्थितियां,Numerical,Medium
KYC Compliance,वाक इन ग्राहक का अर्थ ऐसे व्यक्ति से है जिसका आरई के साथ खाता आधारित संबंध नहीं है लेकिन वह आरई के साथ लेनदेन करता है। यदि किसी आरई का मौजूदा केवाईसी अनुपालक ग्राहक उसी आरई में दूसरा खाता खोलना चाहता है तो उसे कोई केवाईसी दस्तावेज जमा करने की आवश्यकता नहीं है।,वॉक इन ग्राहक कौन है?,जिसका बैंक में खाता नहीं है लेकिन लेनदेन करता है,Factual,Easy,क्या दूसरा खाता खोलने पर फिर से केवाईसी चाहिए?,नहीं यदि पहले से केवाईसी अनुपालक हो,Conditional,Medium,मौजूदा ग्राहक को क्या लाभ है?,दूसरे खाते के लिए दस्तावेज फिर से नहीं देने होंगे,Inferential,Medium,,,,
KYC Compliance,व्यक्ति द्वारा खाता खोलने के लिए आधिकारिक रूप से मान्य दस्तावेज में से कोई एक जैसे पासपोर्ट ड्राइविंग लाइसेंस आधार संख्या होने का प्रमाण मतदाता पहचान पत्र नरेगा जॉब कार्ड और एनपीआर द्वारा जारी पत्र के साथ स्थायी खाता संख्या पैन और ग्राहक के व्यवसाय की प्रकृति के दस्तावेज आवश्यक हैं।,ओवीडी के कितने प्रकार हैं?,छह प्रमुख ओवीडी पासपोर्ट लाइसेंस आधार वोटर आईडी नरेगा कार्ड एनपीआर पत्र,Numerical,Medium,क्या पैन अनिवार्य है?,हां या फॉर्म 60,Conditional,Easy,नरेगा कार्ड किसके द्वारा जारी किया जाता है?,राज्य सरकार के अधिकारी द्वारा,Factual,Medium,खाता खोलने के लिए कितने दस्तावेज चाहिए?,तीन प्रकार - ओवीडी पैन और व्यवसाय दस्तावेज,Numerical,Easy
KYC Compliance,यदि किसी ग्राहक के पास ओवीडी नहीं है तब भी वह बैंक में लघु खाता खोल सकता है। बैंक ग्राहक से एक स्व सत्यापित फोटोग्राफ प्राप्त करेगा और बैंक का नामित अधिकारी अपने हस्ताक्षर से प्रमाणित करेगा। लघु खाता प्रारंभ में बारह महीने की अवधि के लिए चालू रहेगा।,लघु खाता क्या है?,ओवीडी के बिना खोला जाने वाला खाता,Factual,Easy,लघु खाता कितने समय के लिए वैध है?,बारह महीने,Numerical,Easy,लघु खाते के लिए क्या दस्तावेज चाहिए?,स्व सत्यापित फोटोग्राफ,Factual,Medium,कौन फोटो को प्रमाणित करता है?,बैंक का नामित अधिकारी,Factual,Easy
KYC Compliance,निष्क्रिय खाता वह बचत चालू खाता है जिसमें दो वर्ष से अधिक अवधि तक कोई ग्राहक प्रेरित लेनदेन नहीं हुआ हो। निष्क्रिय खातों को सक्रिय करने के लिए ग्राहक अपनी केवाईसी जानकारी आरई की घरेलू गैर घरेलू शाखा में तथा वी सीआईपी के माध्यम से भी अपडेट कर सकता है। बैंक को अपनी सभी शाखाओं में केवाईसी अद्यतन करने की सुविधा उपलब्ध करानी होगी।,निष्क्रिय खाता क्या है?,दो वर्ष से बिना लेनदेन वाला खाता,Factual,Easy,निष्क्रिय खाता कैसे सक्रिय करें?,केवाईसी अपडेट करके,Factual,Easy,क्या किसी भी शाखा में सक्रिय कर सकते हैं?,हां किसी भी शाखा में या वी सीआईपी से,Factual,Medium,ग्राहक प्रेरित लेनदेन क्या है?,ग्राहक द्वारा शुरू किया गया लेनदेन बैंक शुल्क नहीं,Inferential,Hard
KYC Compliance,निष्क्रिय खातों को सक्रिय करने की प्रक्रिया को आसान बनाने के लिए बैंक को अपनी सभी शाखाओं में केवाईसी अद्यतन करने की सुविधा उपलब्ध करानी होगी और यदि खाताधारक द्वारा अनुरोध किया जाता है तो बैंक वीडियो ग्राहक पहचान प्रक्रिया के माध्यम से केवाईसी अद्यतन की सुविधा उपलब्ध कराएगा।,निष्क्रिय खाता सक्रियण के लिए कहां जाएं?,किसी भी शाखा में,Factual,Easy,क्या वी सीआईपी से सक्रिय कर सकते हैं?,हां यदि बैंक यह सुविधा दे,Conditional,Medium,बैंक की क्या जिम्मेदारी है?,सभी शाखाओं में केवाईसी सुविधा देना,Factual,Medium,,,,
KYC Compliance,केवाईसी अपडेट के नाम पर धोखाधड़ीपूर्ण लिंक से सावधान रहने की सलाह दी गई है।,क्या केवाईसी लिंक पर क्लिक करना सुरक्षित है?,नहीं,Factual,Easy,आरबीआई ने कब चेतावनी जारी की?,13 सितंबर 2021,Factual,Medium,धोखाधड़ी से कैसे बचें?,संदिग्ध लिंक पर क्लिक न करें,Inferential,Easy,किस माध्यम से चेतावनी जारी हुई?,प्रेस विज्ञप्ति,Factual,Easy
KYC Compliance,निष्क्रिय खाता वह है जिसमें दो वर्ष से अधिक ग्राहक प्रेरित लेनदेन नहीं हुआ। इसे शाखा या वीसीआईपी के माध्यम से सक्रिय किया जा सकता है।,निष्क्रिय खाता क्या है?,दो वर्ष से अधिक निष्क्रिय खाता,Factual,Easy,कैसे सक्रिय करें?,केवाईसी अपडेट द्वारा,Factual,Easy,क्या वीसीआईपी से संभव है?,हाँ,Factual,Medium,ग्राहक प्रेरित लेनदेन क्या है?,ग्राहक द्वारा आरंभ लेनदेन,Inferential,Hard
KYC Compliance,निष्क्रिय खातों को सक्रिय करने की सुविधा सभी शाखाओं में और अनुरोध पर वीसीआईपी द्वारा भी उपलब्ध करानी होगी।,क्या किसी भी शाखा में पुनः सक्रिय कर सकते हैं?,हाँ,Factual,Easy,क्या वीसीआईपी से भी संभव है?,हाँ,Factual,Medium,बैंक की क्या जिम्मेदारी है?,सभी शाखाओं में सुविधा देना,Factual,Medium,क्यों आवश्यक है?,ग्राहक सुविधा और समावेशन हेतु,Inferential,Medium
Deposit Regulations,बैंक केवल चालू खातों में ब्याज मुक्त जमा राशियां स्वीकार कर सकते हैं (पैरा 29.5)।,क्या बैंक ब्याज मुक्त जमा स्वीकार कर सकते हैं?,हाँ केवल चालू खाते में,Factual,Easy,कौन सा खंड लागू है?,पैरा 29.5,Factual,Medium,क्या बचत खाते पर लागू है?,नहीं,Factual,Easy,क्यों ब्याज मुक्त जमा सीमित है?,विनियामक संतुलन हेतु,Inferential,Medium
Deposit Regulations,पुनर्निवेश जमा वह होती है जिसमें ब्याज पारीपक्वता तक उसी दर पर पुनर्निवेशित किया जाता है (पैरा 4.22)।,पुनर्निवेश जमा क्या है?,जहां ब्याज पुनर्निवेशित होता है,Factual,Easy,किस दर पर पुनर्निवेश होता है?,उसी अनुबंधित दर पर,Factual,Medium,कब आहरित की जा सकती है?,पारिपक्वता पर,Factual,Easy,क्यों पुनर्निवेशी योजना उपयोगी है?,ब्याज पर संयोजित लाभ हेतु,Inferential,Medium
Deposit Regulations,बैंक मृत कर्मचारियों के नाबालिग बच्चों को अतिरिक्त ब्याज नहीं दे सकते (पैरा 9.1.6)।,क्या बैंक नाबालिग को स्टाफ ब्याज दे सकते हैं?,नहीं,Factual,Easy,कौन पात्र नहीं है?,नाबालिग बच्चे,Factual,Medium,कौन पात्र हैं?,केवल बैंक कर्मचारी,Factual,Easy,क्यों छूट नहीं है?,नैतिक व नीति कारणों से,Inferential,Medium
Deposit Regulations,नाबालिग बच्चों के मुआवजे पर अतिरिक्त ब्याज नहीं दिया जा सकता (पैरा 9.1.6)।,क्या मुआवजा खाते पर स्टाफ ब्याज दे सकते हैं?,नहीं,Factual,Easy,क्यों नहीं?,क्योंकि जमा नाबालिग से संबंधित है,Factual,Medium,कौन सा पैरा लागू है?,9.1.6,Factual,Medium,क्या न्यायालय अनुमति दे सकता है?,नहीं इन नियमों के तहत,Conditional,Hard
Deposit Regulations,सरकारी विभागों/योजनाओं के नाम पर बचत खाता केवल अनुसूची-I में उल्लिखित मामलों में खोला जा सकता है (पैरा 29.8)।,क्या सरकार के नाम पर बचत खाता खुल सकता है?,हाँ पर सीमित मामलों में,Factual,Medium,कौन सी अनुसूची लागू है?,अनुसूची-I,Factual,Medium,क्या निजी योजनाओं के लिए संभव है?,नहीं,Factual,Medium,क्यों सीमा है?,निधि दुरुपयोग रोकने हेतु,Inferential,Medium
Deposit Regulations,"बैंक समय-पूर्व आहरण के लिए दंड लगा सकते हैं (पैरा 15,18,27)।",क्या समयपूर्व आहरण पर दंड लगता है?,हाँ,Factual,Easy,कौन निर्णय लेता है?,बोर्ड द्वारा अनुमोदित नीति,Factual,Medium,क्या ग्राहक को बताया जाता है?,हाँ,Factual,Medium,क्यों आवश्यक है?,तरलता नियंत्रण हेतु,Inferential,Medium
Deposit Regulations,एफसीएनआर(बी) योजना के तहत आवर्ती जमा स्वीकार नहीं की जा सकती।,क्या FCNR(B) में आवर्ती जमा स्वीकार है?,नहीं,Factual,Easy,क्यों नहीं?,योजना अनुमति नहीं देती,Factual,Medium,कौन सा खंड लागू है?,20.2.1,Factual,Medium,क्या वैकल्पिक जमा संभव है?,हाँ अन्य विदेशी जमा,Conditional,Medium
Deposit Regulations,एफसीएनआर(बी) जमा नवीनीकरण पर ब्याज दर अवधि व नीति अनुसार तय होगी।,एफसीएनआर जमा नवीनीकरण पर क्या दर लागू होगी?,उपयुक्त अवधि की दर,Factual,Medium,कब कम दर लागू होती है?,जब पारीपक्वता व मांग तिथि भिन्न हों,Factual,Medium,क्या नई अवधि मानी जाएगी?,हाँ,Factual,Medium,क्या जल्दी निकालने पर ब्याज काटा जाएगा?,हाँ,Factual,Medium
Pension Disbursement,पेंशनर की मृत्यु के बाद परिवार पेंशन उसी खाते में जमा की जा सकती है यदि PPO में अधिकार उपलब्ध हो।,क्या परिवार पेंशन के लिए नया खाता चाहिए?,नहीं,Factual,Easy,कौन शर्त लागू है?,PPO में परिवार पेंशन अधिकार,Factual,Medium,कौन अनुमति देता है?,एजेंसी बैंक,Factual,Medium,क्यों खाता वही रहना चाहिए?,सुविधा और पारदर्शिता हेतु,Inferential,Medium
Pension Disbursement,पेंशन भुगतानकर्ता शाखा पेंशन प्राधिकरण के निर्देश पर पेंशनर के खाते में राशि जमा करती है।,पेंशन कब जमा होती है?,निर्देश प्राप्त होने पर,Factual,Easy,कौन निर्देश देता है?,पेंशन भुगतान प्राधिकरण,Factual,Easy,क्या यह स्वचालित है?,नहीं,Factual,Medium,क्यों समय पर जमा जरूरी है?,जीविका निर्भरता हेतु,Inferential,Medium
Pension Disbursement,अधिक भुगतान की राशि का पता चलने पर तुरंत सरकार को लौटाना होगा।,क्या बैंक अतिरिक्त भुगतान रख सकता है?,नहीं,Factual,Easy,किसे लौटाना होता है?,सरकार को,Factual,Easy,कब लौटाना होता है?,तुरंत पता चलने पर,Factual,Easy,क्यों?,पारदर्शिता और उत्तरदायित्व हेतु,Inferential,Medium
Pension Disbursement,पेंशनर द्वारा जीवन प्रमाणपत्र जमा करने पर बैंक को पावती देना और CBS में दर्ज करना अनिवार्य है।,क्या जीवन प्रमाणपत्र पर पावती देनी होती है?,हाँ,Factual,Easy,कहाँ दर्ज करना है?,CBS में,Factual,Medium,क्या डिजिटल पावती मान्य है?,हाँ,Factual,Medium,क्यों जरूरी है?,देरी रोकने हेतु,Inferential,Medium
Pension Disbursement,जीवन प्रमाण शाखा में जाए बिना डिजिटल रूप से प्रस्तुत किया जा सकता है।,क्या शाखा में गए बिना प्रमाण दे सकते हैं?,हाँ,Factual,Easy,कौन इसका उपयोग कर सकता है?,70+ या दिव्यांग पेंशनर,Factual,Medium,कहाँ प्रस्तुत किया जा सकता है?,घर या परिसर में,Factual,Medium,क्यों सुविधा दी गई?,सामाजिक समावेशन हेतु,Inferential,Medium
Pension Disbursement,देरी से पेंशन जमा होने पर बैंक को 8% वार्षिक क्षतिपूर्ति देनी होगी।,देरी पर क्या क्षतिपूर्ति मिलती है?,8% ब्याज,Factual,Easy,कब लागू है?,1 अक्टूबर 2008 से,Factual,Medium,किसे मिलती है?,पेंशनर को स्वतः,Factual,Medium,क्यों दी जाती है?,बैंक जवाबदेही हेतु,Inferential,Medium
Foreign Collaboration,"एफसीएस सर्वेक्षण भारतीय उद्योगों में विदेशी तकनीकी सहयोग पर द्विवार्षिक सर्वेक्षण है, जो एफडीआई और तकनीकी साझेदारी से संबंधित डेटा एकत्र करता है।",एफसीएस सर्वेक्षण क्या है?,भारतीय उद्योगों में विदेशी तकनीकी सहयोग पर द्विवार्षिक सर्वेक्षण,Factual,Easy,यह कब शुरू हुआ?,2012 से एफएलए संगणना के पूरक रूप में,Factual,Medium,किसका उद्देश्य है?,तकनीकी सहयोग और निवेश डेटा एकत्र करना,Inferential,Medium,कौन आयोजित करता है?,भारतीय रिज़र्व बैंक,Factual,Easy
Foreign Collaboration,सर्वेक्षण वर्ष में जनवरी में शुरू होता है और 15 जुलाई तक रिपोर्ट जमा की जा सकती है।,एफसीएस सर्वेक्षण कब शुरू होता है?,हर वर्ष जनवरी में,Factual,Easy,अवधि क्या होती है?,द्विवार्षिक,Factual,Medium,अंतिम तिथि क्या है?,15 जुलाई,Factual,Medium,संदर्भ अवधि कितनी होती है?,दो वित्तीय वर्ष,Numeric,Medium
Foreign Collaboration,एफसीएस में वही कंपनियां भाग लेती हैं जिनके पास विदेशी तकनीकी सहयोग और एफडीआई दोनों हैं।,कौन सी कंपनियां भाग ले सकती हैं?,जिनके पास एफडीआई और विदेशी तकनीकी सहयोग है,Factual,Medium,क्या केवल एफडीआई वाली कंपनियां भाग लेंगी?,नहीं,Factual,Medium,अगर एफटीसी नहीं है तो?,केवल भाग I और II भरना होगा,Conditional,Medium,क्यों?,डेटा निरंतरता हेतु,Inferential,Medium
Foreign Collaboration,एफसीएस फॉर्म केवल .xls प्रारूप में जमा किया जा सकता है; किसी अन्य प्रारूप को सिस्टम अस्वीकार कर देगा।,फॉर्म किस प्रारूप में जमा करना है?,Excel .xls में,Factual,Easy,क्या मैक्रो शामिल करना है?,नहीं,Factual,Easy,अन्य प्रारूप मान्य हैं?,नहीं,Factual,Medium,क्यों यह आवश्यक है?,डेटा संगति और सुरक्षा हेतु,Inferential,Medium
Foreign Collaboration,"एफसीएस में विदेशी सहायक, विदेशी सहयोगी, और शुद्ध तकनीकी सहयोग की परिभाषाएं दी गई हैं।",विदेशी सहायक क्या है?,50% से अधिक विदेशी स्वामित्व वाली भारतीय कंपनी,Factual,Medium,विदेशी सहयोगी क्या है?,10% से 50% विदेशी स्वामित्व,Factual,Medium,शुद्ध तकनीकी सहयोग क्या है?,केवल तकनीकी समझौता बिना एफडीआई,Factual,Medium,क्यों वर्गीकरण किया गया?,डेटा तुलना के लिए,Inferential,Medium
Portfolio Investment,सीपीआईएस आईएमएफ के तहत आयोजित अंतरराष्ट्रीय निवेश स्थिति पर अर्धवार्षिक सर्वेक्षण है जो पोर्टफोलियो निवेश डेटा एकत्र करता है।,सीपीआईएस क्या है?,अंतरराष्ट्रीय पोर्टफोलियो निवेश सर्वेक्षण,Factual,Easy,कौन आयोजित करता है?,आरबीआई आईएमएफ के अंतर्गत,Factual,Easy,कब शुरू हुआ?,2004 में,Factual,Medium,क्यों आवश्यक है?,अंतरराष्ट्रीय वित्तीय पारदर्शिता हेतु,Inferential,Medium
Portfolio Investment,सीपीआईएस मार्च और सितंबर अंत की स्थिति पर किया जाता है और डेटा 15 जुलाई और 31 दिसंबर तक जमा किया जाता है।,सीपीआईएस कितनी बार होता है?,छमाही,Factual,Medium,अवधि क्या है?,मार्च और सितंबर अंत,Factual,Medium,अंतिम तिथियां क्या हैं?,15 जुलाई और 31 दिसंबर,Numeric,Easy,क्या यह वैकल्पिक है?,नहीं,Factual,Medium
Portfolio Investment,"सीपीआईएस में निवेश संपत्तियां मार्क-टू-मार्केट मूल्य पर रिपोर्ट की जाती हैं जैसे इक्विटी, अल्पकालिक और दीर्घकालिक ऋण।",किस मूल्य पर रिपोर्ट की जाती है?,मार्क-टू-मार्केट,Factual,Medium,कौन सी परिसंपत्तियां शामिल हैं?,इक्विटी और ऋण प्रपत्र,Factual,Medium,क्या सभी शाखाएं रिपोर्ट करेंगी?,हाँ समेकित रूप से,Factual,Medium,क्यों मार्केट मूल्य?,वास्तविक स्थिति दर्शाने हेतु,Inferential,Medium
Portfolio Investment,"इक्विटी प्रतिभूतियों में साधारण शेयर, म्यूचुअल फंड इकाइयाँ, डिपॉजिटरी रसीदें शामिल हैं। गैर-भागीदार शेयर शामिल नहीं हैं।",इक्विटी में क्या शामिल है?,साधारण और म्यूचुअल फंड शेयर,Factual,Medium,क्या गैर-भागीदार शेयर शामिल हैं?,नहीं,Factual,Medium,डिपॉजिटरी रसीदें क्या हैं?,विदेशी इक्विटी स्वामित्व प्रमाण,Factual,Medium,क्यों भेद किया गया?,वर्गीकरण के लिए,Inferential,Medium
Portfolio Investment,"इक्विटी प्रतिभूतियों में साधारण शेयर, म्यूचुअल फंड इकाइयाँ, डिपॉजिटरी रसीदें शामिल हैं। गैर-भागीदार शेयर शामिल नहीं हैं।",इक्विटी में क्या शामिल है?,साधारण और म्यूचुअल फंड शेयर,Factual,Medium,क्या गैर-भागीदार शेयर शामिल हैं?,नहीं,Factual,Medium,डिपॉजिटरी रसीदें क्या हैं?,विदेशी इक्विटी स्वामित्व प्रमाण,Factual,Medium,क्यों भेद किया गया?,वर्गीकरण के लिए,Inferential,Medium
Banking/Financial Regulations,"साधारणतः प्रत्येक वर्ष की प्रत्येक तिमाही में बोर्ड की एक बैठक होगी। बोर्ड की बैठकें अध्यक्ष द्वारा संयोजित की जाएंगी और उसकी अनुपस्थिति में उनका संयोजन, प्रबंध निदेशक द्वारा किया जाएगा।",बोर्ड की बैठकें कितनी बार होती हैं?,साधारणतः प्रत्येक वर्ष की प्रत्येक तिमाही में बोर्ड की एक बैठक होगी।,Factual,Easy,बोर्ड की बैठकों का सामान्य स्थान कहाँ है?,सामान्यतः मुंबई में,Factual,Easy,बोर्ड की बैठक में कौन-कौन से अधिकारी भाग ले सकते हैं?,"अध्यक्ष, प्रबंध निदेशक और अन्य निदेशक",Factual,Medium,कितने निदेशक मांग करके विशेष बैठक बुला सकते हैं?,कोई भी पांच निदेशक,Factual,Medium
Banking/Financial Regulations,"बोर्ड की बैठकें अध्यक्ष द्वारा संयोजित की जाएंगी और उसकी अनुपस्थिति में उनका संयोजन, प्रबंध निदेशक द्वारा किया जाएगा। इन बैठकों का आयोजन सामान्यतः मुंबई में किया जाएगा किन्तु बोर्ड के निर्देश पर भारत में किसी भी अन्य स्थान पर इसका आयोजन किया जा सकेगा।",बोर्ड की बैठकों का संयोजन कौन करता है?,"बोर्ड की बैठकें अध्यक्ष द्वारा संयोजित की जाएंगी और उसकी अनुपस्थिति में उनका संयोजन, प्रबंध निदेशक द्वारा किया जाएगा।",Factual,Easy,बोर्ड की बैठक किसके निर्देश पर अन्य स्थानों पर आयोजित की जा सकती है?,बोर्ड के निर्देश पर,Factual,Easy,बैठक के स्थान में परिवर्तन के लिए किसकी स्वीकृति आवश्यक है?,बोर्ड,Factual,Easy,प्रबंध निदेशक बैठक कब बुलाएंगे?,अध्यक्ष की अनुपस्थिति में,Factual,Easy
Banking/Financial Regulations,बोर्ड की बैठक में विचार-विमर्श तभी किया जा सकेगा जब कम से कम छह निदेशक उपस्थित हों।,बोर्ड की बैठक के लिए कोरम क्या है?,बोर्ड की बैठक में विचार-विमर्श तभी किया जा सकेगा जब कम से कम छह निदेशक उपस्थित हों।,Factual,Easy,यदि छह से कम निदेशक उपस्थित हों तो क्या होगा?,बैठक में विचार-विमर्श नहीं किया जा सकेगा।,Factual,Medium,कोरम पूरा होने के लिए न्यूनतम कितने सदस्य चाहिए?,छह निदेशक,Factual,Easy,बैठक के अध्यक्ष और उपस्थित निदेशकों के बहुमत की सहमति किस स्थिति में आवश्यक है?,जब बैठक आयोजन के प्रयोजन के अलावा किसी अन्य विषय/कारोबार पर विचार करना हो और एक सप्ताह का स्पष्ट नोटिस न दिया गया हो।,Analytical,Hard
Banking/Financial Regulations,केवल बोर्ड की पहली बैठक संबंधी सूचना के अलावा बोर्ड की प्रत्येक बैठक के आयोजन से पहले कम से कम पंद्रह दिन की स्पष्ट सूचना दी जाएगी और प्रत्येक निदेशक को उनके रजिस्टर्ड पते पर सूचना भेजी जाएगी।,बोर्ड की बैठक के लिए सूचना कितने दिन पहले देनी होगी?,बोर्ड की प्रत्येक बैठक के आयोजन से पहले कम से कम पंद्रह दिन की स्पष्ट सूचना दी जाएगी।,Factual,Easy,प्रत्येक निदेशक को बैठक की सूचना कहाँ भेजी जाएगी?,उनके रजिस्टर्ड पते पर,Factual,Easy,बोर्ड की पहली बैठक के लिए सूचना अवधि में क्या अंतर है?,पहली बैठक के लिए सूचना अवधि का विशेष उल्लेख नहीं है।,Analytical,Medium,बैठक के कार्यवृत्त पर किसके हस्ताक्षर होने चाहिए?,अध्यक्ष के हस्ताक्षर,Factual,Easy
Banking/Financial Regulations,"अध्यक्ष और अन्य कोई निदेशक जो केंद्र सरकार या राज्य सरकार या भारतीय रिज़र्व बैंक या अन्य किसी या किसी केंद्रीय अधिनियम या राज्य अधिनियम या सरकार के स्वामित्व या नियंत्रण के तहत स्थापित किसी निकाय या निगम का अधिकारी नहीं है, को राष्ट्रीय बैंक द्वारा निम्नानुसार शुल्क और भत्तों का भुगतान किया जाएगा।",निदेशकों को शुल्क का भुगतान किन परिस्थितियों में किया जाता है?,"जो निदेशक केंद्र सरकार, राज्य सरकार, भारतीय रिज़र्व बैंक या सरकारी निकाय का अधिकारी नहीं है, उन्हें शुल्क का भुगतान किया जाएगा।",Factual,Medium,निदेशकों को यात्रा और विराम व्यय की प्रतिपूर्ति किस आधार पर की जाती है?,केंद्रीय सरकार द्वारा रिज़र्व बैंक से परामर्श करने के बाद समय-समय पर निर्धारित दरों पर,Factual,Medium,कौन से निदेशक शुल्क के पात्र नहीं हैं?,"केंद्र सरकार, राज्य सरकार, भारतीय रिज़र्व बैंक या सरकारी निकाय के अधिकारी",Factual,Medium,निदेशकों को राष्ट्रीय बैंक के कार्य से यात्रा करने पर क्या मिलता है?,यात्रा और विराम व्यय की प्रतिपूर्ति,Factual,Easy
Banking/Financial Regulations,"ये विनियम दिनांक 12 जुलाई, 1982 से प्रभावी होंगे।",ये विनियम कब से प्रभावी होंगे?,"दिनांक 12 जुलाई, 1982 से",Factual,Easy,विनियम किस तारीख से लागू हुए?,"12 जुलाई, 1982",Factual,Easy,विनियमों में कितने अध्याय हैं?,"तीन अध्याय - I. परिचयात्मक, II. बोर्ड की बैठकें, III. सामान्य उपबंध",Factual,Easy,विनियमों में संशोधन कब किए गए थे?,23 मई 2018 (अंतिम संशोधन),Factual,Easy
Banking/Financial Regulations,"""अधिनियम"" का अर्थ राष्ट्रीय कृषि और ग्रामीण विकास बैंक अधिनियम, 1981 (1981 का 61) होगा; ""धारा"" का अर्थ अधिनियम की धारा से होगा।","विनियमों में ""अधिनियम"" का अर्थ क्या है?","राष्ट्रीय कृषि और ग्रामीण विकास बैंक अधिनियम, 1981 (1981 का 61)",Factual,Easy,"""धारा"" का अर्थ क्या है?",अधिनियम की धारा,Factual,Easy,इन विनियमों में प्रयुक्त अन्य अभिव्यक्तियों का अर्थ कहाँ से लिया जाएगा?,अधिनियम में दिए गए अर्थ के अनुसार,Factual,Medium,"जिन अभिव्यक्तियों की परिभाषा नहीं दी गई है, उनका क्या अर्थ होगा?",वही अर्थ होगा जो उनके संबंध में अधिनियम में दिया गया है।,Factual,Medium
Social Media Policy/Banking Regulations,"सोशल मीडिया ऑनलाइन संचार के चैनलों का समूह है जो मुख्य रूप से समुदाय-आधारित इनपुट, परस्पर संवाद, कंटेंट शेयरिंग और सहयोग के लिए समर्पित है। वर्तमान युग में, सोशल मीडिया लोगों को एक-दूसरे से जुड़ने के तरीके और जानकारी साझा करने तथा उस जानकारी का प्रसार करने के तरीके को बदल रहा है।",सोशल मीडिया क्या है?,"सोशल मीडिया ऑनलाइन संचार के चैनलों का समूह है जो मुख्य रूप से समुदाय-आधारित इनपुट, परस्पर संवाद, कंटेंट शेयरिंग और सहयोग के लिए समर्पित है।",Factual,Easy,सोशल मीडिया में सूचना को फैलाने की क्या क्षमता है?,"सोशल मीडिया में सूचना को ""वायरल"" बनाने और इसे तेज गति से फैलाने की क्षमता है।",Factual,Medium,सोशल मीडिया किस प्रकार की ट्रांसमिशन सिस्टम पर काम करता है?,डायलॉगिक ट्रांसमिशन सिस्टम अर्थात् कई रिसीवरों के लिए कई स्रोतों पर।,Factual,Medium,सोशल मीडिया किस प्रकार नए जोखिम का निर्माण करता है?,विनियामक और प्रतिष्ठा जोखिम के नए स्तर का निर्माण करता है।,Analytical,Hard
Social Media Policy/Banking Regulations,"नाबार्ड का सोशल मीडिया प्लेटफार्मों पर एकाउंट है, जो नाबार्ड की सेवाओं और आउटरीच से संबंधित गतिविधियों के बारे में हितधारकों को सूचित करने और ब्रांड निर्माण करने की दृष्टि से बनाया गया है। इस नीति के अंतर्गत नाबार्ड ने यू-ट्यूब, ट्विटर, फेसबुक और इंस्टाग्राम को नाबार्डऑनलाइन के नाम से चल रहे चैनल के साथ जोड़ा है।",नाबार्ड ने सोशल मीडिया पर एकाउंट क्यों बनाया है?,नाबार्ड की सेवाओं और आउटरीच से संबंधित गतिविधियों के बारे में हितधारकों को सूचित करने और ब्रांड निर्माण करने के लिए।,Factual,Easy,नाबार्ड ने किन सोशल मीडिया प्लेटफार्मों को जोड़ा है?,"यू-ट्यूब, ट्विटर, फेसबुक और इंस्टाग्राम (अनुमोदन के अधीन)।",Factual,Easy,नाबार्डऑनलाइन के नाम से कौन सा चैनल चल रहा है?,"यू-ट्यूब, ट्विटर, फेसबुक और इंस्टाग्राम से जुड़ा चैनल।",Factual,Easy,नाबार्ड के सोशल मीडिया उपस्थिति का मुख्य लक्ष्य क्या है?,हितधारकों को सूचित करना और ब्रांड निर्माण करना।,Factual,Medium
Social Media Policy/Banking Regulations,"सोशल मीडिया पर बैंकों की उपस्थिति के उद्देश्यों की रक्षा के लिए, बैंक के सोशल मीडिया कम्यूनिकेशन और बैंक के प्रतिनिधियों के रूप में ऑनलाइन कम्यूनिकेशन में संलग्न कर्मियों के लिए सोशल मीडिया संहिता अपनाई गई है।",सोशल मीडिया संहिता क्यों अपनाई गई है?,बैंक के सोशल मीडिया कम्यूनिकेशन और बैंक के प्रतिनिधियों के रूप में ऑनलाइन कम्यूनिकेशन में संलग्न कर्मियों के लिए।,Factual,Medium,सोशल मीडिया संहिता किसके लिए बनाई गई है?,बैंक के सोशल मीडिया कम्यूनिकेशन और बैंक के प्रतिनिधियों के रूप में ऑनलाइन कम्यूनिकेशन में संलग्न कर्मियों के लिए।,Factual,Easy,सोशल मीडिया संहिता अपनाने का मुख्य उद्देश्य क्या है?,बैंकों की सोशल मीडिया उपस्थिति के उद्देश्यों की रक्षा करना।,Analytical,Medium,सोशल मीडिया नई जिम्मेदारियां कैसे बनाता है?,संगठन के लिए विनियामक और प्रतिष्ठा जोखिम के नए स्तर का निर्माण करके।,Analytical,Hard
Social Media Policy/Banking Regulations,"""बैंक"" का अर्थ नाबार्ड है। ""बैंक के सोशल मीडिया प्लेटफॉर्म/चैनल"" का अर्थ विभिन्न सोशल मीडिया चैनलों पर नाबार्ड के आधिकारिक एकाउंट/पेज से है।","""बैंक"" का अर्थ क्या है?","""बैंक"" का अर्थ नाबार्ड है।",Factual,Easy,"""बैंक के सोशल मीडिया प्लेटफॉर्म/चैनल"" का क्या अर्थ है?",विभिन्न सोशल मीडिया चैनलों पर नाबार्ड के आधिकारिक एकाउंट/पेज।,Factual,Easy,इस संहिता में परिभाषाएं किन चीजों की दी गई हैं?,"बैंक, बैंक के सोशल मीडिया प्लेटफॉर्म/चैनल, बैंक कर्मियों और सोशल मीडिया की।",Factual,Easy,इस संहिता में और कौन सी परिभाषाएं दी जा सकती थीं?,"सोशल नेटवर्किंग साइट्स की विस्तृत परिभाषा, विभिन्न प्लेटफॉर्म के प्रकार आदि।",Analytical,Hard
Social Media Policy/Banking Regulations,"सोशल मीडिया संहिता के प्रयोजन से यहाँ ""बैंक कर्मियों"" का संबंध सभी स्टाफ सदस्यों और वर्तमान में निदेशक मंडल के सेवारत सदस्य हैं।","सोशल मीडिया संहिता के प्रयोजन से ""बैंक कर्मियों"" से क्या तात्पर्य है?",सभी स्टाफ सदस्यों और वर्तमान में निदेशक मंडल के सेवारत सदस्य।,Factual,Easy,बैंक कर्मियों में निदेशक मंडल के कौन से सदस्य शामिल हैं?,वर्तमान में निदेशक मंडल के सेवारत सदस्य।,Factual,Easy,सोशल मीडिया में कौन-कौन से प्लेटफॉर्म शामिल हैं?,"चर्चा मंच, ऑनलाइन कोलाबोरेशन, ब्लॉग, पॉडकास्ट, वीडियो शेयरिंग, सोशल नेटवर्क, प्रकाशन प्रणाली।",Factual,Easy,प्रकाशन प्रणाली को सोशल मीडिया में क्यों शामिल किया गया है?,क्योंकि यह भी सोशल मीडिया का एक महत्वपूर्ण हिस्सा है जहां सामग्री प्रकाशित की जाती है।,Analytical,Medium
Social Media Policy/Banking Regulations,ऐसी किसी भी सामग्री को पोस्ट करने से बचें जो किसी भी कानून का उल्लंघन कर सकती है या जो सार्वजनिक नीति के विरुद्ध हो सकती है या जो किसी भी व्यक्ति के गोपनीयता अधिकारों का उल्लंघन कर सकती है।,कौन सी सामग्री पोस्ट करने से बचना चाहिए?,"जो किसी भी कानून का उल्लंघन करती है, सार्वजनिक नीति के विरुद्ध है, या किसी के गोपनीयता अधिकारों का उल्लंघन करती है।",Factual,Medium,गोपनीयता अधिकारों का उल्लंघन करने वाली सामग्री के बारे में क्या नियम है?,पोस्ट करने से बचना चाहिए।,Factual,Easy,कानून का उल्लंघन करने वाली सामग्री के संबंध में क्या सावधानी बरतनी चाहिए?,ऐसी सामग्री पोस्ट नहीं करनी चाहिए।,Analytical,Medium,सार्वजनिक नीति के विरुद्ध सामग्री का क्या अर्थ है?,"जो सरकारी नियमों, सामाजिक मानदंडों या कानूनी प्रावधानों के खिलाफ हो।",Analytical,Hard
Social Media Policy/Banking Regulations,किसी भी व्यक्ति द्वारा किसी भी उत्पाद और सेवाओं आदि की बिक्री के बारे में किया गया पोस्ट वर्जित होगा। इस तरह के पोस्ट करने वाले व्यक्तियों/किसी भी संस्था को बिना किसी सूचना के बैंक के सोशल मीडिया प्लेटफॉर्म पर भविष्य में पोस्ट करने से ब्लॉक किया जा सकता है।,उत्पादों और सेवाओं की बिक्री संबंधी पोस्ट के बारे में क्या नियम है?,वर्जित है और ऐसे व्यक्तियों/संस्थाओं को बिना सूचना के ब्लॉक किया जा सकता है।,Factual,Medium,प्रतिबंधित पोस्ट करने पर क्या कार्रवाई की जा सकती है?,व्यक्तियों/संस्थाओं को बिना सूचना के बैंक के सोशल मीडिया प्लेटफॉर्म पर भविष्य में पोस्ट करने से ब्लॉक किया जा सकता है।,Factual,Medium,बिक्री संबंधी पोस्ट पर प्रतिबंध क्यों है?,क्योंकि यह बैंक के सोशल मीडिया के उद्देश्य के विरुद्ध है और व्यावसायिक गतिविधि है।,Analytical,Medium,ब्लॉक करने का अधिकार बैंक के विवेक पर क्यों छोड़ा गया है?,ताकि प्रत्येक मामले की परिस्थितियों के आधार पर उचित निर्णय लिया जा सके।,Analytical,Hard
Banking/Refinance Operations,नाबार्ड के दीर्घावधि पुनर्वित्त के माध्यम से विवेश ऋण पर बल दिया जाता है जिससे आस्ति-सृजन के जरिये पूँजी निर्माण होता है। कृषि में पूँजी निर्माण कृषि उत्पादन और उत्पादकता बढाने की दृष्टि से महत्वपूर्ण है।,नाबार्ड के दीर्घावधि पुनर्वित्त का मुख्य उद्देश्य क्या है?,विवेश ऋण पर बल देना जिससे आस्ति-सृजन के जरिये पूँजी निर्माण होता है।,Factual,Medium,कृषि में पूँजी निर्माण क्यों महत्वपूर्ण है?,कृषि उत्पादन और उत्पादकता बढाने की दृष्टि से और किसानों को मौसम की अनिश्चितता से संरक्षण देने के लिए।,Analytical,Medium,अनुषंगी गतिविधियों में पूँजी निर्माण किसानों को क्या लाभ देता है?,पूरे साल किसानों के आय-प्रवाह को बनाए रखने में सहयोग देता है और उन्हें संकट को सहने के लिए अनुकूलन क्षमता देता है।,Analytical,Medium,जलवायु परिवर्तन से संरक्षण में पूँजी निर्माण कैसे मदद करता है?,संधारणीय आय-प्रवाह उपलब्ध कराकर और किसानों को मौसम की अनिश्चितता से संरक्षण देकर।,Analytical,Hard
Banking/Refinance Operations,नाबार्ड ग्रामीण वित्तीय संस्थाओं को अल्पावधि पुनर्वित्त प्रदान करता है ताकि वे फसल के सीज़न में किसानों को समय पर वित्त उपलब्ध कराने में सक्षम हो सकें।,नाबार्ड अल्पावधि पुनर्वित्त क्यों प्रदान करता है?,ताकि वे फसल के सीज़न में किसानों को समय पर वित्त उपलब्ध कराने में सक्षम हो सकें।,Factual,Easy,अल्पावधि पुनर्वित्त किस सीज़न में उपयोगी है?,फसल के सीज़न में।,Analytical,Easy,समय पर वित्त उपलब्ध कराने का क्या महत्व है?,किसानों को फसल उत्पादन के लिए समय पर आवश्यक निविष्टियाँ खरीदने में सक्षम बनाता है।,Analytical,Medium,ग्रामीण वित्तीय संस्थाओं को पुनर्वित्त देने का दीर्घकालिक प्रभाव क्या है?,ग्रामीण अर्थव्यवस्था को मजबूती मिलती है और किसानों तक बैंकिंग सेवाओं की पहुँच बढती है।,Analytical,Hard
Banking/Refinance Operations,नाबार्ड जिला मध्यवर्ती सहकारी बैंकों और राज्य सहकारी बैंकों के ऋण वितरण संबंधी संसाधनों में वृद्धि लाने हेतु उन्हें प्रत्यक्ष वित्तपोषण प्रदान करने के लिए बहु-उद्देशीय अल्पावधि ऋण उपलब्ध कराता है।,प्रत्यक्ष पुनर्वित्त सहयोग (डीआरए) क्या है?,जिला मध्यवर्ती सहकारी बैंकों और राज्य सहकारी बैंकों के ऋण वितरण संबंधी संसाधनों में वृद्धि लाने हेतु बहु-उद्देशीय अल्पावधि ऋण।,Factual,Medium,डीआरए किन बैंकों को दिया जाता है?,जिला मध्यवर्ती सहकारी बैंकों और राज्य सहकारी बैंकों को।,Analytical,Easy,डीआरए बहु-उद्देशीय ऋण क्यों कहलाता है?,क्योंकि यह विभिन्न प्रयोजनों के लिए उपयोग किया जा सकता है।,Analytical,Medium,बहु-उद्देशीय ऋण से सहकारी बैंकों को क्या लाभ होता है?,ऋण वितरण संबंधी संसाधनों में वृद्धि होती है जिससे वे अधिक किसानों को ऋण दे सकते हैं।,Analytical,Medium
Banking/Refinance Operations,किसानों के लिए प्रधान मंत्री के पैकेज के भाग के रूप में माननीय वित्त मंत्री ने केसीसी संतृप्ति के दूसरे चरण के अंतर्गत 2.5 करोड़ किसानों को शामिल करने की घोषणा की।,केसीसी संतृप्ति चरण II के अंतर्गत कितने किसानों को शामिल करने की घोषणा की गई?,2.5 करोड़ किसानों को।,Factual,Easy,डेयरी और मत्स्य किसानों के लिए केसीसी की क्या घोषणा की गई?,1.5 करोड़ डेयरी किसानों और 1 करोड़ मत्स्य किसानों को केसीसी उपलब्ध कराने का विशेष अभियान।,Analytical,Medium,केसीसी संतृप्ति चरण II का उद्देश्य क्या था?,कृषि क्षेत्र को ऋण उपलब्ध कराना।,Analytical,Medium,पशुपालन और डेयरी विभाग ने केसीसी अभियान क्यों शुरू किया?,डेयरी और मत्स्य किसानों को औपचारिक बैंकिंग प्रणाली से जोड़ने और उन्हें वित्तीय सहायता प्रदान करने के लिए।,Analytical,Medium
Banking/Refinance Operations,"31 मार्च 2025 तक सहकारी बैंकों और आरआरबी द्वारा जारी कुल केसीसी 4,81,94,483 थे, जिनकी बकाया राशि 4,19,096.68 रुपये थी।",31 मार्च 2025 तक कितने केसीसी जारी किए गए थे?,"4,81,94,483 केसीसी।",Factual,Easy,31 मार्च 2025 तक केसीसी की बकाया राशि कितनी थी?,"4,19,096.68 रुपये करोड़।",Analytical,Easy,वर्ष 2024-25 में दीर्घावधि पुनर्वित्त का लक्ष्य कितना था?,रु. 207271.00 करोड़।,Analytical,Easy,अल्पावधि पुनर्वित्त का वास्तविक संवितरण लक्ष्य से अधिक क्यों हुआ?,"किसानों की बढ़ती मांग, अतिरिक्त अल्पावधि सुविधाओं और डीआरए के विस्तार के कारण (कुल रु. 188882.73 करोड़)।",Analytical,Hard
Financial Services/Chit Funds,चिट फंड भारत में एक पारंपरिक वित्तीय साधन है जो बचत और उधार दोनों की सुविधा प्रदान करता है। यह एक प्रकार की घूर्णी बचत और ऋण संघ (ROSCA - Rotating Savings and Credit Association) योजना है।,चिट फंड क्या है?,"भारत में एक पारंपरिक वित्तीय साधन जो बचत और उधार की सुविधा प्रदान करता है, यह घूर्णी बचत और ऋण संघ योजना है।",Factual,Easy,ROSCA का पूर्ण रूप क्या है?,Rotating Savings and Credit Association (घूर्णी बचत और ऋण संघ)।,Factual,Easy,चिट फंड पारंपरिक वित्तीय साधन क्यों कहलाता है?,क्योंकि यह भारत में सदियों से प्रचलित है और सामुदायिक बचत का माध्यम रहा है।,Analytical,Medium,चिट फंड और आधुनिक बैंकिंग में मौलिक अंतर क्या हैं?,"चिट फंड सहकारी और समुदाय-आधारित है जहां बचत और ऋण एक साथ होते हैं, जबकि बैंकिंग संस्थागत, विनियमित और पृथक सेवाएं प्रदान करती है।",Analytical,Hard
Financial Services/Chit Funds,"चिट फंड एक्ट, 1982 चिट फंड के संचालन को नियंत्रित करता है। इस अधिनियम के अनुसार, चिट का अर्थ है एक लेनदेन जो समझौते द्वारा किया जाता है जिसमें व्यक्ति, परिवार या संस्थाएं शामिल होती हैं।",चिट फंड को कौन सा कानून नियंत्रित करता है?,"चिट फंड एक्ट, 1982",Factual,Easy,चिट फंड एक्ट किस वर्ष पारित किया गया?,1982,Factual,Easy,"चिट फंड एक्ट में व्यक्ति, परिवार और संस्थाएं क्यों शामिल हैं?",क्योंकि विभिन्न प्रकार की इकाइयां चिट फंड में भाग ले सकती हैं।,Analytical,Medium,चिट फंड एक्ट 1982 की प्रमुख सीमाएं क्या हैं?,"अंतर-राज्य समन्वय की कमी, कमजोर प्रवर्तन तंत्र, पॉन्जी स्कीम से भेद करने में अस्पष्टता, और अपर्याप्त दंड प्रावधान।",Analytical,Hard
Financial Services/Chit Funds,प्रत्येक चिट अवधि में एक सदस्य को बोली या लॉटरी के माध्यम से चिट राशि प्राप्त होती है। चिट की पूरी अवधि में प्रत्येक सदस्य को एक बार चिट राशि मिलने का अवसर मिलता है।,चिट फंड में चिट राशि कैसे वितरित की जाती है?,बोली या लॉटरी के माध्यम से प्रत्येक अवधि में एक सदस्य को।,Factual,Easy,चिट की पूरी अवधि में प्रत्येक सदस्य को कितनी बार राशि मिलती है?,एक बार।,Factual,Easy,लॉटरी और बोली विधि में क्या अंतर है?,लॉटरी में यादृच्छिक चयन होता है जबकि बोली में तरलता की आवश्यकता के आधार पर प्रतिस्पर्धा होती है।,Analytical,Medium,बोली प्रणाली में सूचना विषमता की समस्या क्या है?,"सदस्यों को अन्य सदस्यों की वित्तीय स्थिति और तरलता आवश्यकता का पूरा ज्ञान नहीं होता, जिससे बोली रणनीति प्रभावित होती है।",Analytical,Hard
Financial Services/Chit Funds,बोली प्रक्रिया में सदस्य यह घोषित करते हैं कि वे कुल चिट राशि में से कितनी राशि छोड़ने को तैयार हैं। सबसे कम बोली लगाने वाला सदस्य उस माह की चिट राशि का विजेता बनता है।,बोली प्रक्रिया में विजेता कौन बनता है?,सबसे कम बोली लगाने वाला सदस्य।,Factual,Easy,बोली में सदस्य क्या घोषित करते हैं?,वे कुल चिट राशि में से कितनी राशि छोड़ने को तैयार हैं।,Factual,Medium,सबसे कम बोली का क्या आर्थिक तर्क है?,जिसे तत्काल धन की अधिक आवश्यकता है वह अधिक छूट देने को तैयार होता है।,Analytical,Hard,बोली प्रक्रिया में नैतिक जोखिम कैसे उत्पन्न होता है?,जो सदस्य पहले चिट जीतते हैं उनमें बाद में डिफॉल्ट करने की प्रवृत्ति हो सकती है क्योंकि उन्हें लाभ मिल चुका है।,Analytical,Hard
Financial Services/Chit Funds,चिट फंड सदस्यों को समय पर नियमित योगदान करना अनिवार्य है। देरी या डिफॉल्ट की स्थिति में दंड लगाया जा सकता है और सदस्यता रद्द की जा सकती है।,समय पर योगदान न करने पर क्या हो सकता है?,दंड लगाया जा सकता है और सदस्यता रद्द की जा सकती है।,Factual,Easy,सदस्यता रद्द होने के क्या परिणाम होते हैं?,चिट राशि प्राप्त करने का अवसर खो जाता है और जमा राशि का नुकसान हो सकता है।,Factual,Medium,डिफॉल्ट से बचने के लिए सदस्य क्या कर सकते हैं?,"वित्तीय अनुशासन बनाए रखना, आपातकालीन निधि रखना, और समय पर भुगतान करना।",Analytical,Medium,डिफॉल्ट के मामले में कानूनी उपचार की चुनौतियां क्या हैं?,"न्यायिक बैकलॉग, जटिल कानूनी प्रक्रिया, अधिकार क्षेत्र विवाद, विशेष वित्तीय न्यायालयों की कमी, और सीमित पीड़ित क्षतिपूर्ति तंत्र।",Analytical,Hard
Financial Services/Chit Funds,"चिट फंड का उपयोग विभिन्न उद्देश्यों के लिए किया जा सकता है जैसे आपातकालीन जरूरतें, शादी, शिक्षा, व्यवसाय शुरू करना, संपत्ति खरीदना, या कर्ज चुकाना।",चिट फंड का उपयोग किन उद्देश्यों के लिए किया जा सकता है?,"आपातकालीन जरूरतें, शादी, शिक्षा, व्यवसाय शुरू करना, संपत्ति खरीदना, कर्ज चुकाना।",Factual,Easy,चिट फंड का उपयोग व्यवसाय शुरू करने के लिए कैसे किया जा सकता है?,बोली जीतकर एकमुश्त पूंजी प्राप्त की जा सकती है जो व्यवसाय शुरू करने में मदद करती है।,Factual,Medium,आपातकालीन जरूरतों के लिए चिट फंड कैसे उपयोगी है?,बोली जीतकर तुरंत बड़ी राशि मिल सकती है जो आपातकालीन खर्चों के लिए उपयोगी है।,Analytical,Medium,चिट फंड और माइक्रोफाइनेंस में तुलनात्मक विश्लेषण क्या है?,"दोनों वित्तीय समावेशन लक्ष्य हैं; चिट फंड सहकारी और लचीला है जबकि माइक्रोफाइनेंस संस्थागत है; चिट फंड में बचत+ऋण साथ-साथ, माइक्रोफाइनेंस में केवल ऋण।",Analytical,Hard
Financial Services/Chit Funds,"डिजिटल प्रौद्योगिकी के आगमन के साथ, कई चिट फंड कंपनियां ऑनलाइन प्लेटफॉर्म पर स्थानांतरित हो रही हैं। इससे पारदर्शिता बढ़ी है और प्रक्रिया सरल हुई है।",डिजिटल चिट फंड से क्या लाभ हुए हैं?,पारदर्शिता बढ़ी है और प्रक्रिया सरल हुई है।,Factual,Easy,ऑनलाइन प्लेटफॉर्म पारदर्शिता कैसे बढ़ाते हैं?,सभी लेनदेन डिजिटल रूप से रिकॉर्ड होते हैं और सदस्य वास्तविक समय में ट्रैक कर सकते हैं।,Factual,Medium,डिजिटलीकरण धोखाधड़ी को कैसे रोकता है?,"सभी लेनदेन डिजिटल रिकॉर्ड में होते हैं, जो छेड़छाड़-रोधी और पारदर्शी होते हैं।",Analytical,Medium,ब्लॉकचेन तकनीक चिट फंड को कैसे रूपांतरित कर सकती है?,"स्मार्ट कॉन्ट्रैक्ट्स से स्वचालित भुगतान, अपरिवर्तनीय लेनदेन रिकॉर्ड से पूर्ण पारदर्शिता, विकेंद्रीकरण से मध्यस्थ लागत में कमी, और क्रिप्टोग्राफिक सुरक्षा।",Analytical,Hard
Financial Services/Microfinance,माइक्रोफाइनेंस (सूक्ष्म वित्त) एक प्रकार की बैंकिंग सेवा है जो बेरोजगार या कम आय वाले व्यक्तियों या समूहों को प्रदान की जाती है जिनके पास अन्यथा वित्तीय सेवाओं तक पहुंच नहीं होती। माइक्रोफाइनेंस का मुख्य उद्देश्य गरीब लोगों को आत्मनिर्भर बनाना और उन्हें वित्तीय रूप से सशक्त करना है।,माइक्रोफाइनेंस क्या है?,बेरोजगार या कम आय वाले व्यक्तियों को प्रदान की जाने वाली बैंकिंग सेवा जो उन्हें आत्मनिर्भर और वित्तीय रूप से सशक्त बनाती है।,Factual,Easy,माइक्रोफाइनेंस का मुख्य उद्देश्य क्या है?,गरीब लोगों को आत्मनिर्भर बनाना और उन्हें वित्तीय रूप से सशक्त करना।,Factual,Easy,माइक्रोफाइनेंस पारंपरिक बैंकिंग से कैसे अलग है?,"माइक्रोफाइनेंस संपार्श्विक-मुक्त है, छोटे ऋण देता है, सामूहिक दृष्टिकोण अपनाता है, जबकि बैंकिंग संपार्श्विक-आधारित और व्यक्तिगत है।",Analytical,Medium,माइक्रोफाइनेंस वित्तीय समावेशन में कैसे योगदान देता है?,"यह बैंकिंग रहित और कम बैंकिंग वाले लोगों तक पहुंचता है, क्रेडिट इतिहास बनाता है, वित्तीय साक्षरता बढ़ाता है, और औपचारिक प्रणाली में एकीकरण करता है।",Analytical,Hard
Financial Services/Microfinance,स्वयं सहायता समूह (SHG - Self Help Group) माइक्रोफाइनेंस का एक महत्वपूर्ण मॉडल है जिसमें 10-20 सदस्य होते हैं जो समान सामाजिक-आर्थिक पृष्ठभूमि से आते हैं। ये सदस्य स्वैच्छिक रूप से एक साथ आते हैं और नियमित रूप से बचत करते हैं।,स्वयं सहायता समूह (SHG) क्या होता है?,10-20 सदस्यों का समूह जो समान सामाजिक-आर्थिक पृष्ठभूमि से आते हैं और स्वैच्छिक रूप से नियमित बचत करते हैं।,Factual,Easy,SHG में कितने सदस्य होते हैं?,10-20 सदस्य।,Factual,Easy,SHG की सामाजिक-आर्थिक पृष्ठभूमि समान क्यों होनी चाहिए?,"समान चुनौतियां, आपसी समझ, और सामाजिक सामंजस्य सुनिश्चित करने के लिए।",Analytical,Medium,SHG मॉडल की सामाजिक पूंजी का क्या महत्व है?,"यह लेनदेन लागत कम करती है, अनुबंध प्रवर्तन सुनिश्चित करती है, सूचना साझा करती है, और सामाजिक मानदंडों के माध्यम से अनुशासन बनाए रखती है।",Analytical,Hard
Financial Services/Microfinance,"माइक्रोफाइनेंस संस्थाएं (MFIs - Microfinance Institutions) छोटे उद्यमियों और गरीब परिवारों को माइक्रोक्रेडिट, बचत खाते, बीमा, और धन हस्तांतरण सेवाएं प्रदान करती हैं। भारत में NBFC-MFI के रूप में पंजीकृत होना आवश्यक है।",माइक्रोफाइनेंस संस्थाएं (MFIs) क्या सेवाएं प्रदान करती हैं?,"माइक्रोक्रेडिट, बचत खाते, बीमा, और धन हस्तांतरण सेवाएं।",Factual,Easy,MFI को किस रूप में पंजीकृत होना आवश्यक है?,NBFC-MFI (Non-Banking Financial Company - Microfinance Institution) के रूप में।,Factual,Medium,NBFC-MFI पंजीकरण की शर्तें क्या हैं?,"85% पोर्टफोलियो ₹1.25 लाख से कम, अधिकतम ऋण सीमा ₹2 लाख, प्राथमिकता क्षेत्र ऋण, और पूंजी पर्याप्तता।",Analytical,Medium,NBFC-MFI विनियमन संतुलन कैसे बनाता है?,"यह विकास को प्रोत्साहित करता है (85% नियम लचीलापन देता है) जबकि अत्यधिक शोषण रोकता है (मार्जिन कैप, ऋण सीमा) और स्थिरता सुनिश्चित करता है (पूंजी आवश्यकता)।",Analytical,Hard
Financial Services/Microfinance,"जिम्मेदार वित्त (Responsible Finance) के सिद्धांतों में ग्राहक सुरक्षा, पारदर्शी मूल्य निर्धारण, उचित वसूली प्रथाएं, गोपनीयता सुरक्षा, और शिकायत निवारण तंत्र शामिल हैं।",जिम्मेदार वित्त के सिद्धांतों में क्या शामिल है?,"ग्राहक सुरक्षा, पारदर्शी मूल्य निर्धारण, उचित वसूली, गोपनीयता सुरक्षा, शिकायत निवारण।",Factual,Easy,पारदर्शी मूल्य निर्धारण क्यों आवश्यक है?,ग्राहकों को सभी शुल्कों और ब्याज दरों की पूरी जानकारी देने के लिए।,Factual,Medium,उचित वसूली प्रथाओं के उदाहरण क्या हैं?,"गरिमापूर्ण संचार, लचीली चुकौती, कोई सार्वजनिक शर्मिंदगी नहीं, और उचित अनुस्मारक।",Analytical,Medium,जिम्मेदार वित्त को कैसे संस्थागत बनाया जाए?,"अनिवार्य कोड ऑफ कंडक्ट, नियमित प्रमाणन, स्वतंत्र ऑडिट, ग्राहक शिकायत तंत्र, और उद्योग मानक स्थापित करना।",Analytical,Hard
Banking/Financial Services,"वाणिज्यिक बैंक वित्तीय संस्थाएं हैं जो जमा स्वीकार करती हैं, ऋण प्रदान करती हैं, और अन्य वित्तीय सेवाएं जैसे धन हस्तांतरण, सुरक्षित जमा लॉकर, और विदेशी मुद्रा विनिमय प्रदान करती हैं। भारत में बैंक भारतीय रिज़र्व बैंक द्वारा विनियमित होते हैं।",वाणिज्यिक बैंक क्या सेवाएं प्रदान करते हैं?,"जमा स्वीकार करना, ऋण प्रदान करना, धन हस्तांतरण, सुरक्षित जमा लॉकर, विदेशी मुद्रा विनिमय।",Factual,Easy,भारत में बैंकों को कौन विनियमित करता है?,भारतीय रिज़र्व बैंक (RBI)।,Factual,Easy,वाणिज्यिक बैंक अर्थव्यवस्था में क्या भूमिका निभाते हैं?,"बचत को ऋण में बदलना, मुद्रा आपूर्ति नियंत्रण, भुगतान प्रणाली, आर्थिक विकास में योगदान।",Analytical,Medium,डिजिटल बैंकिंग पारंपरिक बैंकिंग को कैसे बदल रही है?,"शाखा निर्भरता कम, 24x7 पहुंच, कम लागत, व्यक्तिगत सेवाएं, लेकिन डिजिटल विभाजन और साइबर जोखिम चुनौतियां।",Analytical,Hard
Banking/Financial Services,बचत खाता (Savings Account) एक जमा खाता है जो ब्याज अर्जित करता है। इसमें सीमित निकासी सुविधा होती है और न्यूनतम शेष राशि बनाए रखनी होती है। बचत खाते पर ब्याज दर आमतौर पर 2.5% से 4% प्रति वर्ष होती है।,बचत खाते पर ब्याज दर कितनी होती है?,2.5% से 4% प्रति वर्ष।,Factual,Easy,बचत खाते में न्यूनतम शेष राशि क्यों आवश्यक है?,बैंक की परिचालन लागत को कवर करने और खाता सक्रियता सुनिश्चित करने के लिए।,Factual,Medium,बचत और चालू खाते में मुख्य अंतर क्या है?,"बचत में ब्याज मिलता है और सीमित लेनदेन, चालू में कोई ब्याज नहीं और असीमित लेनदेन।",Analytical,Medium,बचत खाते पर कम ब्याज दर का आर्थिक तर्क क्या है?,"मांग देयता (तुरंत निकासी), उच्च तरलता, कम जोखिम निवेश, और बैंक मार्जिन बनाए रखना।",Analytical,Hard
Banking/Financial Services,चालू खाता (Current Account) व्यवसायों और उद्यमियों के लिए डिज़ाइन किया गया है। इसमें असीमित लेनदेन की सुविधा होती है लेकिन कोई ब्याज नहीं मिलता। न्यूनतम शेष राशि आवश्यकता अधिक होती है।,चालू खाता किसके लिए डिज़ाइन किया गया है?,व्यवसायों और उद्यमियों के लिए।,Factual,Easy,चालू खाते में ब्याज क्यों नहीं मिलता?,क्योंकि यह व्यवसाय के लिए है और उच्च लेनदेन सुविधा प्रदान करता है।,Factual,Medium,चालू खाते की न्यूनतम शेष राशि अधिक क्यों होती है?,उच्च लेनदेन लागत और व्यवसाय सेवाओं की लागत को कवर करने के लिए।,Analytical,Medium,चालू खाते पर शून्य ब्याज की नीति क्या उचित है?,विवादास्पद - व्यवसायों को अधिक सुविधा लेकिन कोई रिटर्न नहीं; वैकल्पिक रूप से स्वीप सुविधा प्रदान की जा सकती है।,Analytical,Hard
Banking/Financial Services,"IMPS (Immediate Payment Service) तत्काल धन हस्तांतरण सेवा है जो 24x7 उपलब्ध है। मोबाइल नंबर, खाता संख्या या आधार नंबर से पैसे भेजे जा सकते हैं। प्रति लेनदेन सीमा ₹5 लाख है।",IMPS की प्रति लेनदेन सीमा कितनी है?,₹5 लाख प्रति लेनदेन।,Factual,Easy,IMPS में किन माध्यमों से पैसे भेजे जा सकते हैं?,"मोबाइल नंबर, खाता संख्या, या आधार नंबर।",Factual,Easy,IMPS का उपयोग कब करना चाहिए?,तत्काल धन हस्तांतरण की आवश्यकता हो या बैंक बंद हो।,Analytical,Medium,IMPS भारत के डिजिटल परिवर्तन में कैसे योगदान देता है?,"बैंकिंग घंटों की बाधा हटाना, आपातकालीन लेनदेन, ई-कॉमर्स को बढ़ावा, वित्तीय समावेशन।",Analytical,Hard
Banking/Financial Services,UPI (Unified Payments Interface) डिजिटल भुगतान प्रणाली है जो तुरंत बैंक-से-बैंक लेनदेन को सक्षम बनाती है। वर्चुअल पेमेंट एड्रेस (VPA) का उपयोग करके लेनदेन किया जाता है। प्रति लेनदेन सीमा ₹1 लाख है।,UPI में VPA क्या है?,Virtual Payment Address - वर्चुअल पेमेंट एड्रेस।,Factual,Easy,UPI की प्रति लेनदेन सीमा क्या है?,₹1 लाख प्रति लेनदेन।,Factual,Easy,UPI की लोकप्रियता के कारण क्या हैं?,"सरलता, तत्काल लेनदेन, कोई शुल्क नहीं, व्यापक स्वीकृति, सुरक्षित।",Analytical,Medium,UPI की सफलता के पीछे प्रौद्योगिकी और नीति कारक क्या हैं?,"NPCI इन्फ्रास्ट्रक्चर, सरल UX, इंटरऑपरेबिलिटी, शून्य शुल्क नीति, सरकार समर्थन, व्यापारी प्रोत्साहन।",Analytical,Hard
Banking/Financial Services,CIBIL (Credit Information Bureau India Limited) क्रेडिट स्कोर 300 से 900 के बीच होता है। 750+ स्कोर को अच्छा माना जाता है। यह ऋण स्वीकृति और ब्याज दर को प्रभावित करता है।,अच्छा CIBIL स्कोर कितना माना जाता है?,750+,Factual,Easy,CIBIL स्कोर की रेंज क्या है?,300 से 900।,Factual,Easy,CIBIL स्कोर कैसे सुधारें?,"समय पर EMI चुकाएं, क्रेडिट उपयोग कम रखें, पुराने खाते बनाए रखें, कई ऋण से बचें।",Analytical,Medium,क्रेडिट स्कोरिंग में AI और मशीन लर्निंग का उपयोग कैसे हो रहा है?,"वैकल्पिक डेटा (मोबाइल, उपयोगिता बिल), पैटर्न पहचान, वास्तविक समय मूल्यांकन, पूर्वानुमानित विश्लेषण, पूर्वाग्रह जोखिम।",Analytical,Hard
Banking/Financial Services,"KYC (Know Your Customer) नियम बैंकों को ग्राहक की पहचान सत्यापित करने के लिए आवश्यक है। आधार, PAN, पासपोर्ट, ड्राइविंग लाइसेंस जैसे दस्तावेज़ स्वीकार किए जाते हैं। यह धोखाधड़ी और मनी लॉन्ड्रिंग रोकता है।",KYC का उद्देश्य क्या है?,ग्राहक की पहचान सत्यापित करना और धोखाधड़ी रोकना।,Factual,Easy,KYC के लिए कौन से दस्तावेज़ स्वीकार किए जाते हैं?,"आधार, PAN, पासपोर्ट, ड्राइविंग लाइसेंस।",Factual,Easy,e-KYC प्रक्रिया क्या है?,आधार-आधारित ऑनलाइन सत्यापन जो तुरंत और पेपरलेस होता है।,Analytical,Medium,KYC और डेटा गोपनीयता के बीच संतुलन कैसे बनाएं?,"स्तरीय KYC, न्यूनतम डेटा संग्रह, सुरक्षित भंडारण, सहमति-आधारित साझाकरण, डेटा स्थानीयकरण।",Analytical,Hard
